id,name,project_count,seo_url
3,PHP,1855,PHP
17,Website Design,1250,Website-Design
20,Graphic Design,1141,Graphic-Design
335,HTML,1075,HTML.1
116,Software Architecture,880,Software-Architecture
39,Data Entry,776,Data-Entry
305,MySQL,752,MySQL
25,Internet Marketing,632,Internet-Marketing
167,Software Testing,527,Software-Testing
36,Data Processing,526,Data-Processing
55,Excel,486,Excel
21,Copywriting,464,Copywriting
38,SEO,448,SEO
44,Mobile Phone,410,Mobile-Phone
454,Website Management,409,website-management
219,Website Testing,401,Website-Testing
564,Web Hosting,398,web-hosting
375,Copy Typing,397,copy-typing
82,Marketing,394,Marketing
77,CSS,381,CSS
174,Articles,369,Articles
331,Anything Goes,329,Anything-Goes
69,Wordpress,324,Wordpress
9,Javascript,315,Javascript
250,Article Rewriting,311,Article-Rewriting
40,Link Building,299,Link-Building
58,iPhone,271,iPhone
100,Advertising,252,Advertising
64,Sales,251,Sales
32,Logo Design,249,Logo-Design
194,Academic Writing,248,Academic-Writing
75,Blog,220,Blog
57,Photoshop,216,Photoshop
65,Social Networking,204,Social-Networking
74,Facebook,202,Facebook
319,Amazon Web Services,198,Amazon-Web-Services
156,Ghostwriting,198,Ghostwriting
42,Engineering,197,Engineering
29,Windows Desktop,193,Windows
6,C Programming,191,C-Programming
137,eCommerce,190,eCommerce
59,Android,190,Android
199,Web Search,190,Web-Search
15,.NET,185,NET
51,AJAX,184,AJAX
115,User Interface / IA,174,User-Interface-IA
103,Technical Writing,165,Technical-Writing
7,Java,162,Java
323,HTML5,159,HTML
22,Translation,156,Translation
106,C# Programming,155,C-Sharp-Programming
177,Leads,147,Leads
56,Shopping Carts,144,Shopping-Carts
31,Linux,138,Linux
54,Joomla,136,Joomla
129,Virtual Assistant,135,Virtual-Assistant
12,Flash,134,Flash
343,jQuery / Prototype,133,jQuery-Prototype
16,Script Install,133,Script-Install
10,XML,125,XML
94,Bulk Marketing,121,Bulk-Marketing
68,SQL,116,SQL
95,Web Scraping,112,Web-Scraping
202,Reviews,111,Reviews
52,Video Services,107,Video-Services
47,Research,105,Research
320,C++ Programming,103,CPlusPlus-Programming
107,Animation,99,Animation
270,Shell Script,96,Shell-Script
90,Magento,95,Magento
307,iPad,95,iPad
143,Objective C,89,Objective-C
5,ASP,87,ASP
395,3D Animation,86,threed-animation
269,Templates,85,Templates
170,Illustration,83,Illustration
251,eBay,83,eBay
368,Icon Design,79,icon-design
14,Visual Basic,78,Visual-Basic
72,Twitter,76,Twitter
43,Electronics,74,Electronics
394,3D Modelling,73,threed-modelling
60,Game Design,70,Game-Design
367,Book Writing,70,book-writing
472,Database Administration,69,database-administration
126,Arts &amp; Crafts,69,Arts-amp-Crafts
26,Banner Design,69,Banner-Design
356,Blog Design,65,Blog-Design
191,Embedded Software,63,Embedded-Software
70,Illustrator,61,Illustrator
48,Proofreading,60,Proofreading
30,System Admin,58,System-Admin
569,Email Marketing,58,email-marketing
245,Business Analysis,58,Business-Analysis
149,Business Plans,58,Business-Plans
104,Editing,57,Editing
445,Visual Arts,56,visual-arts
336,UNIX,55,UNIX
93,3D Rendering,55,Rendering
66,SEM / Adwords,55,SEM-Adwords
98,Drupal,52,Drupal
49,Telemarketing,52,Telemarketing
79,Customer Support,48,Customer-Support
203,Product Descriptions,47,Product-Descriptions
334,Data Mining,47,Data-Mining
142,Mac OS,46,MacOS
53,Accounting,46,Accounting
291,Microsoft,45,Microsoft
13,Python,45,Python
247,PSD to HTML,44,PSD-to-HTML
475,Videography,42,videography
179,Finance,42,Finance
141,Cocoa,41,Cocoa
123,Report Writing,41,Report-Writing
257,BPO,41,BPO
171,After Effects,39,After-Effects
152,YouTube,38,YouTube
347,Article Submission,38,Article-Submission
138,Paypal API,36,Paypal-API
258,VoIP,36,VoIP
340,ActionScript,36,ActionScript
28,Audio Services,35,Audio-Services
284,Photoshop Design,35,Photoshop-Design
302,Google Adsense,34,Google-Adsense
457,Game Consoles,33,game-consoles
37,Project Management,32,Project-Management
67,Testing / QA,32,Testing-QA
128,Cisco,30,Cisco
304,Prestashop,30,Prestashop
160,eBooks,30,eBooks
50,Ruby &amp; Ruby on Rails,29,Ruby-on-Rails
317,Usability Testing,28,Usability-Testing
310,Brochure Design,28,Brochure-Design
209,Voice Talent,28,Voice-Talent
561,English (US),28,English-US
109,Education &amp; Tutoring,27,Education-Tutoring
120,CMS,26,CMS
234,Caricature &amp; Cartoons,26,Caricature-Cartoons
204,Photo Editing,26,Photo-Editing
111,Microcontroller,25,Microcontroller
197,Word,24,Word
449,Affiliate Marketing,24,affiliate-marketing
349,Classifieds Posting,24,Classifieds-Posting
105,Freelance,24,Project
33,Web Security,23,Web-Security
329,Mathematics,23,Mathematics
34,Delphi,22,Delphi
164,Forum Posting,22,Forum-Posting
370,3ds Max,22,threeds-max
369,Advertisement Design,22,advertisement-design
172,Music,22,Music
184,Electrical Engineering,22,Electrical-Engineering
158,PDF,21,PDF
27,Photography,21,Photography
157,Print,21,Print
565,Open Cart,20,open-cart
133,Blackberry,20,Blackberry
232,Corporate Identity,20,Corporate-Identity
324,Product Design,20,Product-Design
339,Market Research,20,Market-Research
519,English (UK),20,English-UK
88,XXX,20,XXX
4,Perl,19,Perl
504,Visual Basic for Applications,19,visual-basic-for-applications
63,Matlab &amp; Mathematica,19,Matlab-Mathematica
272,ERP,19,ERP
256,Chrome OS,18,Chrome-OS
124,Microsoft Access,18,Microsoft-Access
131,Google App Engine,17,Google-App-Engine
412,Flyer Design,17,flyer-design
92,Algorithm,17,Algorithm
278,Business Cards,16,Business-Cards
217,Phone Support,16,Phone-Support
119,Statistics,16,Statistics
147,CRM,16,CRM
125,Asterisk PBX,15,Asterisk-PBX
283,Video Broadcasting,15,Video-Broadcasting
76,CAD/CAM,15,CAD-CAM
41,Wireless,15,Wireless
83,Manufacturing,15,Manufacturing
252,Dating,14,Dating
73,Computer Security,13,Computer-Security
345,XSLT,13,XSLT
80,Powerpoint,13,Powerpoint
121,Transcription,13,Transcription
222,Microsoft Exchange,12,Microsoft-Exchange
231,OSCommerce,12,OSCommerce
238,Travel Writing,12,Travel-Writing
262,Covers &amp; Packaging,12,Covers-Packaging
311,Flash 3D,12,flash-threed
436,Presentations,12,presentations
365,T-Shirts,12,tshirts
271,AutoCAD,12,AutoCAD
265,PCB Layout,12,PCB-Layout
62,Product Sourcing,12,Product-Sourcing
97,Branding,12,Branding
118,Oracle,11,Oracle
84,Building Architecture,11,Building-amp-Architecture
196,Stationery Design,11,Stationery-Design
216,Technical Support,11,Technical-Support
518,German,11,German
227,Financial Markets,11,Financial-Markets
215,Apache,10,Apache
448,Assembly,10,assembly
298,Google Analytics,10,Google-Analytics
45,J2EE,10,J-EE
500,node.js,10,nodejs
86,Financial Research,10,Financial-Research
408,Poster Design,10,poster-design
211,Supplier Sourcing,10,Supplier-Sourcing
288,Payroll,10,Payroll
521,Spanish,10,Spanish
46,Training,10,Training
407,Unity 3D,9,unity.3d
358,Windows Server,9,Windows-Server
78,Flex,9,Flex
410,Invitation Design,9,invitation-design
474,Motion Graphics,9,motion-graphics
218,Order Processing,9,Order-Processing
166,Mechanical Engineering,9,Mechanical-Engineering
415,Apple Safari,8,apple-safari
8,JSP,8,JSP
148,Metatrader,8,Metatrader
161,Silverlight,8,Silverlight
136,Social Engine,8,Social-Engine
205,Zen Cart,8,Zen-Cart
306,Amazon Kindle,8,Amazon-Kindle
229,Concept Design,8,Concept-Design
173,Maya,8,Maya
471,Telecommunications Engineering,8,telecommunications-engineering
297,Public Relations,8,Public-Relations
235,CakePHP,7,CakePHP
414,Google Chrome,7,google-chrome
498,OpenGL,7,opengl
400,Smarty PHP,7,smarty-php
453,Screenwriting,7,screenwriting
127,Fashion Design,7,Fashion-Design
450,Fashion Modeling,7,fashion-modeling
168,InDesign,7,Indesign
198,Video Upload,7,Video-Upload
162,Home Design,7,Home-Design
303,Manufacturing Design,7,Manufacturing-Design
85,Scientific Research,7,Scientific-Research
178,Management,7,Management
180,Quickbooks &amp; Quicken,7,Quickbooks-Quicken
494,Big Data,6,bigdata
237,Codeigniter,6,Codeigniter
150,Forum Software,6,Forum-Software
447,Linkedin,6,linkedin
91,MMORPG,6,MMORPG
507,Moodle,6,Moodle
122,Volusion,6,Volusion
405,Press Releases,6,Press-Releases
277,Interior Design,6,Interior-Design
476,Post-Production,6,post-production
423,Imaging,6,imaging
212,Logistics &amp; Shipping,6,Logistics-Shipping
182,Contracts,6,Contracts
145,Human Resources,6,Human-Resources
24,Legal,6,Legal
485,Google Web Toolkit,5,google-web-toolkit
577,PhoneGap,5,phonegap
501,Pinterest,5,pinterest
267,SAP,5,SAP
146,Sharepoint,5,Sharepoint
503,SugarCRM,5,sugarcrm
101,UML Design,5,UML-Design
363,Virtuemart,5,Virtuemart
299,vTiger,5,vTiger
567,WHMCS,5,whmcs
510,Windows API,5,winapi
426,WPF,5,wpf
413,Android Honeycomb,5,android-honeycomb
440,Arduino,5,arduino
509,Physics,5,physics
71,Verilog / VHDL,5,Verilog-VHDL
213,Buyer Sourcing,5,Buyer-Sourcing
207,Recruitment,5,Recruitment
554,Arabic,5,Arabic
529,Italian,5,Italian
533,Japanese,5,Japanese
355,Blog Install,4,Blog-Install
113,Django,4,Django
224,DNS,4,DNS
357,Google Earth,4,Google-Earth
108,Photoshop Coding,4,Photoshop-Coding
372,TaoBao API,4,taobao-api
568,VPS,4,virtual-private-server
236,Zend,4,Zend
321,Geolocation,4,Geolocation
140,Windows Mobile,4,Windows-Mobile
206,Cartography &amp; Maps,4,Cartography-Maps
361,Speech Writing,4,Speech-Writing
390,Final Cut Pro,4,Final-Cut-Pro
264,Format &amp; Layout,4,Format-Layout
61,Industrial Design,4,Industrial-Design
433,Infographics,4,infographics
240,Biology,4,Biology
186,Civil Engineering,4,Civil-Engineering
465,Linear Programming,4,linear-programming
399,Fundraising,4,Fundraising
289,Inventory Management,4,Inventory-Management
337,ISO9001,4,ISO
318,Salesforce.com,4,Salesforce-com
526,French,4,French
539,Russian,4,Russian
522,Spanish (Spain),4,Spanish-Spain
443,Real Estate,4,real-estate
89,Cloud Computing,3,Cloud-Computing
11,Cold Fusion,3,Cold-Fusion
397,Dynamics,3,microsoft-dynamics
406,eLearning,3,eLearning
348,FileMaker,3,FileMaker
404,Interspire,3,interspire
398,Kinect,3,kinect
434,MVC,3,MVC
287,NoSQL Couch &amp; Mongo,3,NoSQL-Couch-Mongo
508,x86/x64 Assembler,3,assembler
175,Fiction,3,Fiction
195,Medical Writing,3,Medical-Writing
114,Publishing,3,Publishing
505,3D Printing,3,threed-printing
169,Dreamweaver,3,Dreamweaver
99,Typography,3,Typography
263,Cryptography,3,Cryptography
139,Solidworks,3,Solidworks
188,Structural Engineering,3,Structural-Engineering
183,Legal Research,3,Legal-Research
478,MYOB,3,myob
181,Tax,3,Tax
525,French (Canadian),3,French-Canadian
574,Jewellery,3,jewellery
208,Test Automation,3,Test-Automation
480,Agile Development,2,agile-development
424,BigCommerce,2,bigcommerce
135,Boonex Dolphin,2,Boonex-Dolphin
373,Business Catalyst,2,business-catalyst
377,CRE Loaded,2,creloaded
484,CS-Cart,2,cs-cart
380,CubeCart,2,cubecart
419,Face Recognition,2,face-recognition
393,Firefox,2,Firefox
428,Gamification,2,gamification
418,Google Plus,2,google-plus
225,IIS,2,IIS
364,Sencha / YahooUI,2,Sencha-YahooUI
333,Solaris,2,Solaris
385,Symfony PHP,2,Symfony-PHP
233,vBulletin,2,vBulletin
295,J2ME,2,J-ME
117,Symbian,2,Symbian
489,Windows Phone,2,windows-phone
362,Newsletters,2,Newsletters
491,Proposal/Bid Writing,2,proposal-bid-writing
342,WIKI,2,WIKI
455,CGI,2,computer-generated-images
482,Landing Pages,2,landing-pages
477,Pre-production,2,pre-production
429,Astrophysics,2,astrophysics
187,Chemical Engineering,2,Chemical-Engineering
374,GPS,2,gps
192,Mechatronics,2,Mechatronics
176,Medical,2,Medical
437,Viral Marketing,2,viral-marketing
316,Audit,2,Audit
553,Hebrew,2,Hebrew
534,Norwegian,2,Norwegian
536,Portuguese (Brazil),2,Portuguese-Brazil
538,Romanian,2,Romanian
547,Simplified Chinese (China),2,Simplified-Chinese-China
543,Swedish,2,Swedish
452,Brain Storming,2,brain-storming
384,Pattern Making,2,Pattern-Making
189,Sports,2,Sports
102,Troubleshooting,2,Troubleshooting
422,Computer Graphics,1,computer-graphics
481,Debugging,1,debugging
130,DotNetNuke,1,DotNetNuke
159,Electronic Forms,1,Electronic-Forms
155,Expression Engine,1,Expression-Engine
344,FreelancerAPI,1,FreelancerAPI
442,Google Checkout,1,google-checkout
425,Haskell,1,haskell
112,JavaFX,1,JavaFX
391,LabVIEW,1,LabVIEW
392,Lotus Notes,1,Lotus-Notes
496,Map Reduce,1,mapreduce
420,OCR,1,optical-character-recognition
421,Pattern Matching,1,pattern-matching
387,Plesk,1,Plesk
462,Tumblr,1,tumblr
581,Umbraco,1,umbraco
379,Visual Foxpro,1,visual-foxpro
402,Yii,1,yii
566,Zoho,1,zoho
403,Appcelerator Titanium,1,appcelerator-titanium
488,Metro,1,windows-metro
280,Nokia,1,Nokia
246,Grant Writing,1,Grant-Writing
254,LaTeX,1,LaTeX
432,Short Stories,1,short-stories
584,Makerbot,1,makerbot-replicator
268,PSD2CMS,1,PSD-CMS
464,Engineering Drawing,1,engineering-drawing
193,Finite Element Analysis,1,Finite-Element-Analysis
292,Machine Learning,1,Machine-Learning
185,Materials Engineering,1,Materials-Engineering
328,Mining Engineering,1,Mining-Engineering
293,Natural Language,1,Natural-Language
352,Product Management,1,Product-Management
459,RTOS,1,real-time-operating-systems
151,MLM,1,MLM
226,Patents,1,Patents
493,Property Management,1,property-management
341,SAS,1,SAS
542,Finnish,1,Finnish
555,Hindi,1,Hindi
537,Portuguese,1,Portuguese
558,Tamil,1,Tamil
544,Thai,1,Thai
460,Flashmob,1,Flashmob
300,Health,1,Health
468,History,1,history
354,Psychology,1,Psychology
571,4D,0,fourth-dimension
223,Active Directory,0,Active-Directory
497,Analytics,0,analytics
313,Apache Solr,0,Apache-Solr
214,AS400 &amp; iSeries,0,AS-iSeries
383,AutoHotkey,0,AutoHotkey
279,Azure,0,Azure
244,Balsamiq,0,Balsamiq
588,Bitcoin,0,bitcoin
582,Biztalk,0,microsoft-biztalk
273,BMC Remedy,0,BMC-Remedy
275,Chordiant,0,Chordiant
276,COBOL,0,COBOL
286,CUDA,0,CUDA
427,Dart,0,dart
438,DOS,0,dos
110,Erlang,0,Erlang
308,Fortran,0,Fortran
309,Google Buzz,0,Google-Buzz
248,Google Go,0,Google-Go
153,Google Wave,0,Google-Wave
266,GPGPU,0,GPGPU
483,Grease Monkey,0,grease-monkey
495,Hadoop,0,hadoop
274,HP Openview,0,HP-Openview
376,IBM Tivoli,0,IBM-Tivoli
249,Microsoft Expression,0,Microsoft-Expression
230,MODx,0,MODx
96,MySpace,0,MySpace
301,Nginx,0,Nginx
446,Ning,0,ning
499,OpenCL,0,opencl
389,Parallels Automation,0,Parallels-Automation
386,Parallels Desktop,0,Parallels-Desktop
314,Pentaho,0,Pentaho
350,PICK Multivalue DB,0,PICK-Multivalue-DB
294,Prolog,0,Prolog
243,Protoshare,0,Protoshare
572,QlikView,0,qlikview
580,QuickBase,0,quickbase
221,REALbasic,0,REALbasic
382,Rocket Engine,0,rocket-engine
479,Scrum Development,0,scrum-development
502,Shopify,0,shopify-site
579,Siebel,0,siebel
396,TestStand,0,teststand
253,Virtual Worlds,0,Virtual-Worlds
388,Virtuozzo,0,Virtuozzo
487,webMethods,0,webMethods
134,Palm,0,Palm
315,Samsung,0,Samsung
490,WebOS,0,webos
296,Windows CE,0,Windows-CE
431,Poetry,0,poetry
360,Resumes,0,Resumes
486,Adobe LiveCycle Designer,0,Adobe-LiveCycle-Designer
312,Capture NX2,0,Capture-NX
366,Commercials,0,commercials
346,Finale / Sibelius,0,Finale-Sibelius
458,Furniture Design,0,furniture-design
359,Google SketchUp,0,Google-SketchUp
578,JDF,0,jdf
444,Prezi,0,prezi
259,QuarkXPress,0,QuarkXPress
371,Shopify Templates,0,Shopify
409,Sticker Design,0,sticker-design
416,Yahoo! Store Design,0,yahoo-store-design
220,Desktop Support,0,Desktop-Support
330,Aeronautical Engineering,0,Aeronautical-Engineering
430,Aerospace Engineering,0,aerospace-engineering
144,Biotechnology,0,Biotechnology
461,Broadcast Engineering,0,broadcast-engineering
473,Clean Technology,0,clean-technology
338,Climate Sciences,0,Climate-Sciences
242,Construction Monitoring,0,Construction-Monitoring
466,Genetic Engineering,0,genetic-engineering
239,Geology,0,Geology
506,Geospatial,0,geospatial
435,Human Sciences,0,human-sciences
469,Industrial Engineering,0,industrial-engineering
351,Instrumentation,0,Instrumentation
353,Microstation,0,Microstation
467,Nanotechnology,0,nanotechology
456,Petroleum Engineering,0,petroleum-engineering
163,PLC &amp; SCADA,0,PLC-SCADA
241,Project Scheduling,0,Project-Scheduling
201,Quantum,0,Quantum
470,Remote Sensing,0,remote-sensing
439,Robotics,0,robotics
563,Textile Engineering,0,textile-engineering
378,Ad Planning &amp; Buying,0,ad-planning-buying
326,Employment Law,0,Employment-Law
290,Event Planning,0,EventPlanning
132,PeopleSoft,0,PeopleSoft
441,Personal Development,0,personal-development
492,Property Development,0,property-development
325,Property Law,0,Property-Law
327,Tax Law,0,Tax-Law
381,Visa / Immigration,0,visa-immigration
511,Afrikaans,0,Afrikaans
575,Albanian,0,albanian
523,Basque,0,Basque
556,Bengali,0,Bengali
586,Bosnian,0,bosnian
551,Bulgarian,0,Bulgarian
514,Catalan,0,Catalan
528,Croatian,0,Croatian
515,Czech,0,Czech
517,Danish,0,Danish
532,Dutch,0,Dutch
524,Filipino,0,Filipino
550,Greek,0,Greek
531,Hungarian,0,Hungarian
512,Indonesian,0,Indonesian
573,Kannada,0,Kannada
527,Korean,0,Korean
576,Latvian,0,Latvian
530,Lithuanian,0,Lithuanian
585,Macedonian,0,Macedonian
513,Malay,0,Malay
560,Malayalam,0,Malayalam
535,Polish,0,Polish
557,Punjabi,0,Punjabi
552,Serbian,0,Serbian
540,Slovakian,0,Slovakian
541,Slovenian,0,Slovenian
559,Telugu,0,Telugu
549,Traditional Chinese (Hong Kong),0,Traditional-Chinese-Hong-Kong
548,Traditional Chinese (Taiwan),0,Traditional-Chinese-Taiwan
546,Turkish,0,Turkish
562,Urdu,0,Urdu
545,Vietnamese,0,Vietnamese
516,Welsh,0,Welsh
190,Automotive,0,Automotive
583,Christmas,0,christmas
451,Cooking &amp; Recipes,0,cooking-recipes
463,Energy,0,energy
200,Genealogy,0,Genealogy
154,Insurance,0,Insurance
322,Nutrition,0,Nutrition
332,Valuation &amp; Appraisal,0,Valuation-amp-Appraisal
228,Weddings,0,Weddings
